CHROM,POS,Sample ID
MR_Cli1_1_(paired)_contig_1,82243.0,1
MR_Cli1_1_(paired)_contig_10,36996.0,4
MR_Cli1_1_(paired)_contig_11,142229.0,1
MR_Cli1_1_(paired)_contig_11,142877.0,2
MR_Cli1_1_(paired)_contig_11,256532.0,1
MR_Cli1_1_(paired)_contig_11,257207.0,1
MR_Cli1_1_(paired)_contig_11,257266.0,1
MR_Cli1_1_(paired)_contig_11,258699.0,6
MR_Cli1_1_(paired)_contig_11,259674.0,1
MR_Cli1_1_(paired)_contig_12,60543.0,1
MR_Cli1_1_(paired)_contig_12,137596.0,41
MR_Cli1_1_(paired)_contig_13,157523.0,1
MR_Cli1_1_(paired)_contig_15,4583.0,47
MR_Cli1_1_(paired)_contig_19,136.0,24
MR_Cli1_1_(paired)_contig_19,145.0,13
MR_Cli1_1_(paired)_contig_19,15339.0,1
MR_Cli1_1_(paired)_contig_23,61.0,7
MR_Cli1_1_(paired)_contig_23,262.0,7
MR_Cli1_1_(paired)_contig_23,272.0,7
MR_Cli1_1_(paired)_contig_23,456.0,7
MR_Cli1_1_(paired)_contig_23,986.0,7
MR_Cli1_1_(paired)_contig_25,29032.0,1
MR_Cli1_1_(paired)_contig_25,64439.0,2
MR_Cli1_1_(paired)_contig_25,82711.0,2
MR_Cli1_1_(paired)_contig_25,82902.0,2
MR_Cli1_1_(paired)_contig_25,82971.0,1
MR_Cli1_1_(paired)_contig_25,83482.0,1
MR_Cli1_1_(paired)_contig_25,83653.0,1
MR_Cli1_1_(paired)_contig_28,80815.0,1
MR_Cli1_1_(paired)_contig_28,111548.0,1
MR_Cli1_1_(paired)_contig_28,167575.0,1
MR_Cli1_1_(paired)_contig_28,180758.0,3
MR_Cli1_1_(paired)_contig_28,180909.0,24
MR_Cli1_1_(paired)_contig_28,180913.0,1
MR_Cli1_1_(paired)_contig_28,180925.0,1
MR_Cli1_1_(paired)_contig_28,180988.0,1
MR_Cli1_1_(paired)_contig_28,181201.0,2
MR_Cli1_1_(paired)_contig_28,181299.0,23
MR_Cli1_1_(paired)_contig_30,201756.0,1
MR_Cli1_1_(paired)_contig_31,7132.0,1
MR_Cli1_1_(paired)_contig_31,26993.0,1
MR_Cli1_1_(paired)_contig_31,47218.0,1
MR_Cli1_1_(paired)_contig_31,47224.0,1
MR_Cli1_1_(paired)_contig_31,63447.0,1
MR_Cli1_1_(paired)_contig_32,22.0,7
MR_Cli1_1_(paired)_contig_33,24647.0,1
MR_Cli1_1_(paired)_contig_35,51302.0,25
MR_Cli1_1_(paired)_contig_36,14204.0,80
MR_Cli1_1_(paired)_contig_36,139859.0,3
MR_Cli1_1_(paired)_contig_37,3615.0,1
MR_Cli1_1_(paired)_contig_37,3636.0,156
MR_Cli1_1_(paired)_contig_37,3653.0,157
MR_Cli1_1_(paired)_contig_37,3674.0,155
MR_Cli1_1_(paired)_contig_37,3690.0,155
MR_Cli1_1_(paired)_contig_4,107416.0,1
MR_Cli1_1_(paired)_contig_40,708.0,1
MR_Cli1_1_(paired)_contig_40,9325.0,3
MR_Cli1_1_(paired)_contig_41,1609.0,1
MR_Cli1_1_(paired)_contig_45,4776.0,1
MR_Cli1_1_(paired)_contig_49,57975.0,1
MR_Cli1_1_(paired)_contig_5,204099.0,1
MR_Cli1_1_(paired)_contig_63,2637.0,136
